                  epoch,         train/box_loss,         train/cls_loss,         train/dfl_loss,   metrics/precision(B),      metrics/recall(B),       metrics/mAP50(B),    metrics/mAP50-95(B),           val/box_loss,           val/cls_loss,           val/dfl_loss,                 lr/pg0,                 lr/pg1,                 lr/pg2
                      0,                 1.1686,                 1.4004,                 1.2025,                0.65614,                0.56448,                0.62176,                 0.4605,                 1.0806,                 1.0897,                 1.1245,                 0.0937,                 0.0007,                 0.0007
                      1,                  1.183,                 1.4002,                  1.241,                0.70223,                0.55513,                0.64005,                 0.4729,                 1.0559,                 1.0607,                 1.1114,               0.086485,              0.0014851,              0.0014851
                      2,                 1.1358,                 1.2958,                 1.2298,                0.71593,                0.59903,                 0.6729,                0.49703,                 1.0657,                 1.0137,                 1.1057,               0.079254,              0.0022545,              0.0022545
                      3,                 1.1145,                 1.1877,                 1.1831,                0.69801,                0.62036,                0.67267,                0.49932,                 1.0715,                      1,                 1.1109,               0.072008,              0.0030079,              0.0030079
                      4,                 1.0628,                 1.1783,                 1.1648,                0.69911,                0.55978,                0.63849,                0.47609,                 1.0999,                  1.084,                 1.1303,               0.064746,              0.0037456,              0.0037456
